algorithm,n,d,k_requested,k_fitted,status,error,fit_time_ms,peak_traced_mb,silhouette,calinski_harabasz,davies_bouldin,ari,nmi,partition_coefficient,modified_partition_coefficient,partition_entropy,fuzzy_hypervolume,xie_beni,fuzzy_compactness,fuzzy_separation,dataset
AFCM,1500,2,4,4,ok,,16226.831042000413,69.88822937011719,-0.13517248408278504,8.068019130023977,10.33893047010448,0.005975304418460963,0.03522531839113421,0.8987105800870687,0.8649474401160916,0.2070576882458309,nan,nan,nan,nan,anisotropic_blobs
AFCMSimple,1500,2,4,4,ok,,5.718458000046667,0.33432769775390625,0.6326673974412005,17043.950942503354,0.5221464787314064,0.934603882984993,0.9187479488104906,0.8428061313922247,0.7904081751896329,0.30409399089963424,nan,nan,nan,nan,anisotropic_blobs
CAFCM,1500,2,4,4,ok,,186.37841599957028,0.368499755859375,0.6407156610768484,8637.588975296176,0.544057060976803,0.5599784523501441,0.7170612233987647,0.9983039772849958,0.9977386363799944,0.003010406776955373,2.4520233790230908,0.46461790180903434,3963.032166427309,8.195760327586024,anisotropic_blobs
CAFHFCM,1500,2,4,4,ok,,11.98850000037055,0.322357177734375,0.3406866506111768,7276.171587126114,0.6668060617002423,0.4912729927678418,0.6581077445637189,0.4241427905366385,0.23219038738218467,0.9685683473772733,14.036111793959007,1.2307181365830964e+28,8533.907070779384,5.001969845889822,anisotropic_blobs
ECM,1500,2,4,4,ok,,906.547665999824,0.2780132293701172,0.6484080069354478,7153.986702858253,0.5126777957379752,0.6344267739463653,0.793042753637229,0.7965767491517842,0.7287689988690457,0.41305719992984824,2.850316028258404,0.6193561256465764,3781.806755135907,8.112257429089523,anisotropic_blobs
ENTROPYFCM,1500,2,4,4,ok,,5.378874999223626,0.32228851318359375,0.6326673974412005,17043.950942503354,0.5221464787314064,0.934603882984993,0.9187479488104906,0.8428061602165756,0.7904082136221008,0.30409394713888754,1.6160276889695333,0.08740566029625965,1607.4841185244527,10.137841114539809,anisotropic_blobs
EVCLUS,1500,2,4,4,ok,,1211.472083999979,70.8851146697998,0.4058107050062683,4696.609432246478,0.4395144059833279,0.4943241632893367,0.6564442460949316,0.6035534843221508,0.4714046457628678,0.776749223819718,nan,nan,nan,nan,anisotropic_blobs
FCC,1500,2,4,4,degenerate,,87.96308299861266,0.0815114974975586,nan,nan,nan,0.0,0.0,0.25,0.0,1.3862943611158904,31.83416713124876,inf,18178.154856971923,0.0,anisotropic_blobs
FCM,1500,2,4,4,ok,,16.112915998746757,0.3737173080444336,0.6409920055673901,8603.212880018744,0.528203331032981,0.5675673723402895,0.7191508740252156,0.8094564044252631,0.7459418725670175,0.39115148652260184,2.850401680595829,0.487602370957286,3406.490033976703,8.164649719583489,anisotropic_blobs
GK,1500,2,4,4,ok,,19.929124999180203,0.3618755340576172,0.6197632030476471,16056.408671710069,0.5366857657509808,0.9982210344004804,0.996668851158603,0.9136564429074434,0.8848752572099245,0.20572032818159952,0.9248429362322088,0.10917330069161946,1987.9754843333285,10.105849845039142,anisotropic_blobs
GMM,1500,2,4,4,ok,,36.969749999116175,0.3395118713378906,0.6197632030476471,16056.408671710069,0.5366857657509807,0.9982210344004804,0.996668851158603,0.9993467939729409,0.9991290586305879,0.0010676128204465166,0.9267354812899913,0.12023471402089662,2187.3677911785917,10.103966376423829,anisotropic_blobs
GathGeva,1500,2,4,4,ok,,62.75066599846468,0.6508150100708008,0.590939837080885,7639.908378508684,0.4430646102519047,0.7114844055177123,0.8517154106979946,0.9993558893864459,0.9991411858485946,0.0010481671479896752,2.2287495160013773,0.81454867656481,4452.442837077113,8.274661089893298,anisotropic_blobs
KFCCL,1500,2,4,4,degenerate,,335.21983299942804,51.51036834716797,nan,nan,nan,0.0,0.0,0.25000000006380096,8.50679526820386e-11,1.3862943609882887,nan,nan,nan,nan,anisotropic_blobs
KFCM,1500,2,4,4,ok,,13.76199999867822,0.5208444595336914,0.6338170284925897,17027.0838197275,0.5217795600863673,0.9467995952281978,0.9361834032803286,0.397084335912257,0.19611244788300933,1.1361163135098757,19.721315747612028,1.2968604174238296,20441.9269412961,10.062150978030568,anisotropic_blobs
PCM,1500,2,4,4,ok,,103.70216699993762,0.31200599670410156,0.5246374394721491,7842.115066270257,3.46775205284743,0.6100463606033901,0.7468569618147728,nan,nan,nan,0.18184377125002024,3.416777902586365e+26,21.02382757155275,8.1496583160426,anisotropic_blobs
PFCM,1500,2,4,4,ok,,10.969332999593462,0.5282669067382812,0.6333164186797261,17056.15536194885,0.5217953438898939,0.9397420789295172,0.9249742635610732,0.8428924347584564,0.7905232463446086,0.30438900383891987,1.6015643374021964,0.09092661434754823,1609.490627365698,10.10934697776776,anisotropic_blobs
RPFKM,1500,2,4,4,ok,,184.12720899868873,17.34178638458252,0.6335412910060245,17058.705211246575,0.5216581510317181,0.941499693270118,0.9275532230160978,0.9882947295765011,0.9843929727686681,0.020156347786869904,nan,nan,nan,nan,anisotropic_blobs
RoughKMeans,1500,2,4,4,ok,,2410.4342089995043,0.5978965759277344,0.23789578089538846,198.7442902984443,0.8011455945848018,0.2779841930428659,0.46873022277329995,nan,nan,nan,2.039372460027645,9.181611223792503,3740.4106764874095,8.549566043103336,anisotropic_blobs
SCM,1500,2,4,2,ok,,14.964791998863802,51.52210235595703,0.7964787358649041,13339.171363762624,0.3096712960045274,0.4994991652754591,0.6666666666666666,0.9964336094619827,0.9928672189239653,0.00927523910226304,3.06565691551916,0.0323626226035777,8121.68131507795,12.934674024831287,anisotropic_blobs
SoftDBSCANGM,1500,2,4,12,ok,,58.1831660001626,2.1725034713745117,0.3829412385152106,4581.629464738037,0.3884724967918705,0.9911020577085956,0.9835707728352634,0.915087073259205,0.9073677162827691,0.2026646215286105,nan,nan,nan,nan,anisotropic_blobs
AFCM,1000,2,5,5,ok,,5883.193542000299,31.54409694671631,-0.17760071752251622,9.363276900988636,7.572953533291647,0.00848224325988293,0.07583209202597785,0.9102154944514813,0.8877693680643517,0.20225162365564756,nan,nan,nan,nan,blobs
AFCMSimple,1000,2,5,5,ok,,8.589083001425024,0.27712249755859375,0.6779797744924552,7518.536998625151,0.45285687718245926,0.9519695342688884,0.9471959574199202,0.832589144007864,0.7907364300098298,0.36485065144323076,nan,nan,nan,nan,blobs
CAFCM,1000,2,5,5,ok,,26.498708000872284,0.3074951171875,0.6779388924748059,7519.743991825283,0.4529893646253515,0.9519662706502978,0.9468575017327188,0.9992357288281967,0.9990446610352457,0.0013182091673904779,4.641285089305267,0.14800278539799847,1870.1518932616889,11.17378025892273,blobs
CAFHFCM,1000,2,5,5,ok,,18.46816699980991,0.2689666748046875,0.482292737094957,2917.0177412153835,0.5613119468785295,0.6605692711534544,0.8032088115397353,0.27501614368979654,0.09377017961224567,1.4290693606194667,83.00558595641817,1.2060897327067486e+21,9841.588284035968,3.7703908031599633,blobs
ECM,1000,2,5,5,ok,,315.7510839992028,0.2246379852294922,0.6779797744924552,7518.536998625151,0.45285687718245926,0.9519695342688884,0.9471959574199202,0.832544661844101,0.7906808273051263,0.3649226109184946,4.629152557172774,0.12201095172184566,1553.9831497145578,11.20282773395095,blobs
ENTROPYFCM,1000,2,5,5,ok,,20.33429200128012,0.26889801025390625,0.6432719754562869,4633.814726017849,0.6620927321274579,0.7131966292276816,0.852120078961477,0.7855606987664882,0.73195087345811,0.4524219662400791,6.133713898733811,0.8985318279440542,2370.7554676810605,10.828163302870555,blobs
EVCLUS,1000,2,5,5,ok,,214.61583400014206,32.29915904998779,0.7011168837492409,3452.7027452468187,0.45447981669158694,0.6106027214929445,0.7834635937847924,0.5610917338213837,0.4513646672767295,0.8886618530236928,nan,nan,nan,nan,blobs
FCC,1000,2,5,5,degenerate,,89.7652499988908,0.0662679672241211,nan,nan,nan,0.0,0.0,0.20000000000000007,6.938893903907228e-17,1.6094379124290998,145.18899120926645,inf,11700.385739851867,0.0,blobs
FCM,1000,2,5,5,ok,,10.526916001253994,0.3085947036743164,0.6176351983845818,4615.927795848835,0.6983099861471425,0.7123449241035158,0.8516824247872076,0.7889145695281925,0.7361432119102407,0.43790453884930225,5.948558044313292,0.9913268717119643,2397.7678854788055,11.91772588336641,blobs
GK,1000,2,5,5,ok,,29.991583998707938,0.3012094497680664,0.6173933699496097,4600.295380018885,0.714859100831925,0.7152176231195703,0.8549395938311583,0.7884345847684282,0.7355432309605353,0.4489764635331378,6.0026843661252185,0.9372912846818106,2525.5710645575437,11.892743071993575,blobs
GMM,1000,2,5,5,ok,,74.36162500016508,0.2668905258178711,0.6109092249977126,4477.652534985844,0.6962470860567123,0.7247014386631513,0.8598084766055166,0.9372122599970908,0.9215153249963633,0.09792990029672115,5.381745865699352,2.308310928163706,2993.5478021614754,11.943136231876291,blobs
GathGeva,1000,2,5,5,ok,,111.61345800064737,0.5438499450683594,0.6044426463880004,4332.609082896091,0.6468541555530343,0.7686802295370433,0.8874065020075821,0.9967352105451801,0.9959190131814751,0.006361449332006621,4.7918282357841475,0.7185102451343283,3142.7480464807895,12.224471675176265,blobs
KFCCL,1000,2,5,5,degenerate,,72.70162500026345,22.896324157714844,nan,nan,nan,0.0,0.0,0.20000000012962563,1.6203201974596126e-10,1.6094379121050362,nan,nan,nan,nan,blobs
KFCM,1000,2,5,5,ok,,9.088249998967513,0.4434366226196289,0.6451735333189299,4635.746321573681,0.6629718263936899,0.7150837659406182,0.8573248548506528,0.2569245773569452,0.07115572169618146,1.4996043776265109,153.63098947408974,10.211031088066019,18578.75414404684,10.240854391116503,blobs
PCM,1000,2,5,5,ok,,28.011458000037237,0.25730133056640625,0.5125551599693735,4397.311198340934,1.4923291913522738,0.7644785134093259,0.8864400232235313,nan,nan,nan,1.5963934054729259,924019342103320.6,152.48260149397902,11.356066510016367,blobs
PFCM,1000,2,5,5,ok,,31.159499998466345,0.513031005859375,0.41497357451531214,2128.4064633670628,0.9048564123576576,0.6119148910491701,0.7423697143684975,0.6463164678866589,0.5578955848583236,0.6518692437114155,10.216794060546592,2322687965.8141527,3828.134879242475,11.182677121189887,blobs
RPFKM,1000,2,5,5,ok,,68.45133299975714,7.763005256652832,0.620758273515415,4622.40888715499,0.6909450703693188,0.7160910024374875,0.8576909473309662,0.9783240784145819,0.9729050980182274,0.03617827693394775,nan,nan,nan,nan,blobs
RoughKMeans,1000,2,5,5,ok,,1108.6644589995558,0.3970603942871094,-0.16736665736801815,285.6398242242922,0.9999462898865993,0.21664090798202146,0.48435986200191133,nan,nan,nan,1.1164227653470342,0.9440994543465937,396.0064378834123,10.575895907002144,blobs
SCM,1000,2,5,2,ok,,6.723000000420143,22.90424346923828,0.39661027463454424,454.9480694922418,1.245218128103227,0.29336685569255655,0.425507932803731,0.8367004526210715,0.673400905242143,0.24862321922652938,29.490074958364424,0.24489157524233687,31535.983657077326,11.347920080341401,blobs
SoftDBSCANGM,1000,2,5,77,ok,,352.7559169997403,8.917445182800293,-0.19170220527872947,280.0923326497693,0.5305775913465572,0.6494289005434286,0.7614351783859096,0.8535731642468217,0.8516464953553325,0.30851490336768733,nan,nan,nan,nan,blobs
AFCM,569,30,2,2,ok,,1519.434416999502,10.384790420532227,0.3148516276147286,245.40261328995047,0.9842055577137506,0.3413244436855305,0.3208745682436186,0.876366553489683,0.7527331069793659,0.21310355618835036,nan,nan,nan,nan,breast_cancer
AFCMSimple,569,30,2,2,ok,,3.4674170001380844,0.31023406982421875,0.6972646156059464,1300.2082268895426,0.5044035685410985,0.49142453622455523,0.46479332792160793,0.8969480699103909,0.7938961398207818,0.18094487248258284,nan,nan,nan,nan,breast_cancer
CAFCM,569,30,2,2,ok,,36.621082999772625,0.558746337890625,0.6972646156059464,1300.2082268895426,0.5044035685410985,0.49142453622455523,0.46479332792160805,0.9988880331744378,0.9977760663488755,0.001878582061063085,5.733187296794459e-34,0.07682540144060467,77661318.13968298,1332.8885168353809,breast_cancer
CAFHFCM,569,30,2,2,ok,,4.875332999290549,0.5493011474609375,0.6968807559902216,1299.1140034193238,0.5053713524978514,0.49664102146032335,0.46886828888875465,0.8788334878171978,0.7576669756343957,0.21692154815865694,1.654567671305668e-33,0.12164795843066674,72095034.81614062,1020.5731358505748,breast_cancer
ECM,569,30,2,2,ok,,22.53016699978616,0.3070354461669922,0.6621765645081799,600.3579882046457,0.4893458053439932,0.13012340326704464,0.17917088965558495,0.6896602583392977,0.37932051667859534,0.48053862235625266,7.128776153413535e-32,0.8741561487944034,343320349.06969905,830.8050565829815,breast_cancer
ENTROPYFCM,569,30,2,2,ok,,4.362374998891028,0.5492324829101562,0.6972646156059464,1300.2082268895426,0.5044035685410985,0.49142453622455523,0.46479332792160793,0.8969481063672958,0.7938962127345917,0.1809448114101939,8.158582778716531e-34,0.05969729974488819,62075260.997292385,1351.8415796072102,breast_cancer
EVCLUS,569,30,2,2,ok,,249.22158399931504,10.413721084594727,0.6630161363135553,848.9673808272046,0.5239668572280777,0.3088988818771811,0.33647829333402,0.7015616560062559,0.4031233120125117,0.4640205276679879,nan,nan,nan,nan,breast_cancer
FCC,569,30,2,2,ok,,530.1154170010705,0.030608177185058594,0.6921130838412453,1278.5708744446108,0.5138529587569857,0.5337690933348298,0.4980364328681648,0.7538995931169029,0.5077991862338058,0.39464084268618155,6.723719676815033e-33,0.10787589734538315,75847935.10496129,1111.612795342807,breast_cancer
FCM,569,30,2,2,ok,,4.860790999373421,0.16109466552734375,0.6972646156059464,1300.2082268895426,0.5044035685410985,0.49142453622455523,0.46479332792160793,0.8969481014557117,0.7938962029114234,0.18094481963531636,8.158583736230494e-34,0.05969730521208029,62075260.99716919,1351.8415177037632,breast_cancer
GK,569,30,2,2,ok,,24.134041001161677,0.6073741912841797,0.4232386825530645,435.0290977953175,0.8786148470425713,0.5190314363956017,0.3984662484763555,0.5350000559443596,0.07000011188871924,0.6557594526894951,1.7063717306332217e-33,0.8710789251519488,141551331.53706345,534.4069444562479,breast_cancer
GMM,569,30,2,2,ok,,39.743332999933045,0.7630062103271484,0.5181354402509417,640.547339449637,0.7181308056635713,0.8117224944816421,0.7053778305139601,0.9975792574884659,0.9951585149769318,0.004997428709323141,9.432632707154394e-33,0.20565000403982428,120162375.7697656,1013.3600028820841,breast_cancer
GathGeva,569,30,2,2,ok,,666.797833999226,1.1517868041992188,0.6022584341269304,878.8956879797094,0.6230466831729986,0.723724980904771,0.6311847303061197,0.9816083625085421,0.9632167250170842,0.03025149252049039,1.3796044728696512e-32,0.12976577095977546,97498413.29074544,1149.1125429205476,breast_cancer
KFCCL,569,30,2,2,degenerate,,6.404667001334019,7.415153503417969,nan,nan,nan,0.0,0.0,0.5000000004303946,8.607892176826226e-10,0.6931471801275507,nan,nan,nan,nan,breast_cancer
KFCM,569,30,2,2,ok,,1.0656249996827682,0.5917186737060547,0.11577403998345145,0.6933031337650277,0.9036738228570707,0.0024029438603797937,0.005162477750374118,0.5017574692442882,0.0035149384885764245,0.6907108108547505,2.110368160485462e-32,0.32789510088454377,207133303.18584025,1053.6621230620956,breast_cancer
PCM,569,30,2,2,ok,,49.26599999998871,0.18012142181396484,0.21519612402509047,225.2589052049989,0.802255558803816,0.0902002424882691,0.2321792038512865,nan,nan,nan,2.9523822431836172e-43,22671175380241.996,161485.57627347633,3.5381294409703594e-06,breast_cancer
PFCM,569,30,2,2,ok,,23.156249999374268,0.43671417236328125,0.5134480202335395,644.7361311374658,0.6845374496648627,0.5994680031567584,0.4969544180017948,0.7634439441232835,0.5268878882465671,0.375043663106755,1.7672183964404692e-33,1.2914894158410117,117076281.15890929,399.1470286287536,breast_cancer
RPFKM,569,30,2,2,degenerate,,34.16708300028404,2.9007387161254883,nan,nan,nan,0.0,0.0,nan,nan,nan,nan,nan,nan,nan,breast_cancer
RoughKMeans,569,30,2,2,ok,,337.03358300044783,0.15326309204101562,-0.1097415930041418,46.27620742120328,1.2644036828183127,-0.017688395594414413,0.13347234906442737,nan,nan,nan,2.4593180566258305e-43,0.03453543229219144,448264.80880420236,151.0353969706997,breast_cancer
SCM,569,30,2,1,degenerate,,2.3817910005163867,7.5419769287109375,nan,nan,nan,0.0,0.0,1.0,nan,-1.000088900581841e-12,8.045110197539491e-33,inf,317784591.83855176,nan,breast_cancer
SoftDBSCANGM,569,30,2,569,ok,,263.74324999960663,115.70111179351807,nan,nan,nan,0.0,0.1885487714358849,0.9999999999999996,0.9999999999999996,-9.912929840645245e-13,nan,nan,nan,nan,breast_cancer
AFCM,1000,2,2,2,ok,,5699.890709000101,31.403093338012695,0.07671335524556752,14.750795138749234,6.350614333828037,0.033269946758835135,0.049416293668276594,0.9308128415496034,0.8616256830992068,0.13106291912193402,nan,nan,nan,nan,circles
AFCMSimple,1000,2,2,2,ok,,13.593542000307934,0.11685943603515625,0.35329288441328205,573.6060717065187,1.1874351146406417,-0.0009859719280806104,1.1541842381507929e-05,0.692756133810522,0.38551226762104407,0.46823422179509705,nan,nan,nan,nan,circles
CAFCM,1000,2,2,2,ok,,182.798833000561,0.12530517578125,0.35405980576728324,577.7492273148043,1.1824100815389942,-0.0009854102529095134,1.1550642835735016e-05,0.9918272936292617,0.9836545872585234,0.013563526526697706,0.32182116707729425,0.42379691036387207,389.4293239948347,0.958595602293564,circles
CAFHFCM,1000,2,2,2,ok,,15.833040999496006,0.109710693359375,0.35276681241054525,572.8255002075679,1.1876558127219152,-0.0009658676386906173,2.5972200517731693e-05,0.6449863772706877,0.2899727545413755,0.5304870802868457,0.42452077871813104,0.6842428831661311,281.61203038745043,0.6415351512595833,circles
ECM,1000,2,2,2,ok,,1249.8559579998982,0.10995292663574219,0.35041227340900183,570.3047220564827,1.1898739154737148,-0.0009378756913586731,4.617075455442075e-05,0.692469681712341,0.38493936342468205,0.46784654559265015,0.3752277805449662,0.3389467907901639,274.2184074686601,0.899461417611305,circles
ENTROPYFCM,1000,2,2,2,ok,,13.743833000262384,0.10964202880859375,0.3530717063341381,574.4283309406943,1.1863286847269223,-0.0009859879759519037,1.154159110484424e-05,0.692711273351687,0.38542254670337406,0.4679784575266381,0.3747349373868441,0.3394032559225859,274.1984220459568,0.8988236134811556,circles
EVCLUS,1000,2,2,2,ok,,54.1397919987503,31.428829193115234,0.35283882223361673,573.1217917603889,1.1875680281412726,-0.0009859719280806104,1.1541842381507929e-05,0.6302928204624021,0.2605856409248042,0.5493916312574976,nan,nan,nan,nan,circles
FCC,1000,2,2,2,degenerate,,56.95104199912748,0.043334007263183594,nan,nan,nan,0.0,0.0,0.5,0.0,0.6931471805579452,0.626232521122965,inf,313.12074637488615,0.0,circles
FCM,1000,2,2,2,ok,,46.75074999977369,0.1562347412109375,0.35399683251225805,574.042067082146,1.1856241960912752,-0.0009978034112530375,2.8861616904104228e-06,0.6927355498294062,0.38547109965881243,0.46785221178849246,0.3743037984036612,0.34162882461329025,274.41851643228074,0.8962505860940059,circles
GK,1000,2,2,2,ok,,132.46350000008533,0.1569986343383789,0.3540591729837554,574.1057619367199,1.1855165220570172,-0.0009978996996092486,2.8857846589978853e-06,0.7611414604216573,0.5222829208433146,0.3812216561968656,0.3312899062046508,0.304583166760922,283.56128437765824,0.964873810486079,circles
GMM,1000,2,2,2,ok,,51.6925000010815,0.1735820770263672,0.3525115906582813,569.9475917533551,1.185633988547485,-0.0009347946577995522,4.636444489536391e-05,0.8759035373542897,0.7518070747085794,0.20731963750908092,0.3226442759269766,0.414978208265196,338.53672262294003,0.9032131400499339,circles
GathGeva,1000,2,2,2,ok,,140.69362499867566,0.22406673431396484,0.35389103062414456,573.4692398802873,1.1848245358494456,-0.0007441430955621714,0.00018507569009545418,0.9233085046026054,0.8466170092052108,0.12935698746090546,0.3104787377519712,0.34359424215660633,352.30458299509587,1.0125960004268162,circles
KFCCL,1000,2,2,2,degenerate,,47.86404200058314,22.896324157714844,nan,nan,nan,0.0,0.0,0.5000000002967527,5.935054669947704e-10,0.6931471802611926,nan,nan,nan,nan,circles
KFCM,1000,2,2,2,ok,,2.502291999917361,0.19615650177001953,0.3534742640798086,574.0359228491247,1.1865114009995068,-0.0009859879759519037,1.154159110484424e-05,0.64038809560583,0.28077619121166,0.5297531773670888,0.4363853860057382,0.34296539128929243,284.70507460863894,0.9111134447521323,circles
PCM,1000,2,2,2,ok,,18.02062500064494,0.11980247497558594,0.3499095979737797,564.1255743548932,1.1908395178839974,-0.000995492496261282,2.8952352660779665e-06,nan,nan,nan,0.3750940354181559,1029687.4125097783,163.7953966514257,0.0003988394825917482,circles
PFCM,1000,2,2,2,ok,,38.36841600059415,0.1554718017578125,0.35411117787128843,577.5682297021679,1.1829458376279294,-0.0009657713534156461,2.597559388685669e-05,0.6606745950497889,0.32134919009957774,0.509818533613694,0.4068020552463749,0.5511735832562543,278.2641727562289,0.710533321244585,circles
RPFKM,1000,2,2,2,ok,,32.0664589999069,7.7173357009887695,0.3499068320891782,569.5292327326589,1.190216057148017,-0.0006776432621291008,0.00023374067074943895,0.8233343309147588,0.6466686618295177,0.2899972654350602,nan,nan,nan,nan,circles
RoughKMeans,1000,2,2,2,ok,,177.5475419999566,0.20547103881835938,0.08522101787217323,19.894263039862615,0.7846768379093045,0.0005285536197466095,0.0221345451340412,nan,nan,nan,0.002243987052233784,0.0026036056594613494,0.05766296397251952,0.14881985518505497,circles
SCM,1000,2,2,2,ok,,6.589832999452483,22.90424346923828,0.3456590779097743,550.9186066167139,1.1921781163143221,0.0009523370710515309,0.001428753986479512,0.8368879408946047,0.6737758817892094,0.2666306180352587,0.3357758064691922,0.35062924948205015,332.369948581162,0.9736139859502732,circles
SoftDBSCANGM,1000,2,2,1,degenerate,,18.970332999742823,0.29851245880126953,nan,nan,nan,0.0,0.0,1.0,nan,-1.0000889005818406e-12,nan,nan,nan,nan,circles
AFCM,1797,64,10,10,ok,,34165.53325000132,100.20429611206055,-0.08003412429886256,17.5699524359032,4.491363509556594,0.11383958933516795,0.2612881598070015,0.16656899927854338,0.07396555475393708,2.0350108974533594,nan,nan,nan,nan,digits
AFCMSimple,1797,64,10,10,ok,,27.187583000340965,2.3508529663085938,0.008782342010416697,95.17106189232408,4.511650663877253,0.15950276502254723,0.30690949219986813,0.10000000000017807,1.9785099484674143e-13,2.302585092983155,nan,nan,nan,nan,digits
CAFCM,1797,64,10,10,ok,,374.5213749989489,18.109161376953125,0.1824265405675175,169.37077933191776,1.9225716718599657,0.6680395393781776,0.743227965804065,0.9808012538972868,0.9786680598858742,0.03351401917367574,0.0,1.7120255296342235,1128299.124638082,35.42282411526922,digits
CAFHFCM,1797,64,10,10,ok,,7.837957999072387,17.966873168945312,-0.14146392816663486,4.2266773955335815,5.444570198451248,0.0028279514486740857,0.047010540613686154,0.09999999999999999,-1.5419764230904953e-17,2.302585092984046,0.0,inf,215905.7291040623,0.0,digits
ECM,1797,64,10,10,ok,,1459.6738339987496,2.2288646697998047,0.04560074261682543,86.88210033659067,4.76333827531361,0.14433606873283722,0.28397877244255965,0.10000000000000261,2.898915675410131e-15,2.3025850929840326,0.0,660182301955766.0,216347.75715519098,7.236834562013362e-06,digits
ENTROPYFCM,1797,64,10,10,ok,,37.52912500021921,17.96680450439453,0.004122805809555578,85.3797855759825,3.16693228875934,0.14442734942537658,0.30064831607483283,0.10000000000000187,2.0662484069412635e-15,2.302585092984036,0.0,1422596915216179.0,215905.72910406493,7.3188890260861205e-06,digits
EVCLUS,1797,64,10,10,ok,,108.76933299914526,104.32595348358154,-0.016954188617523132,1.0229554326329182,27.173431350175992,-0.000954021565542854,0.008111521309828952,0.10055417051637923,0.0006157450181991375,2.299820327433127,nan,nan,nan,nan,digits
FCC,1797,64,10,10,ok,,4521.154916999876,0.1821889877319336,0.11259792775266426,185.62146531994813,2.231406251274203,0.23863548280559,0.44898498063375597,0.14223401159434668,0.046926679549274077,2.1794429286310772,0.0,6.234882663930107e+18,233968.78965814336,10.482499123359938,digits
FCM,1797,64,10,10,ok,,14.367583000421291,1.0507745742797852,0.07660080019780037,139.94389288192065,3.2172502691979177,0.2839758722443558,0.4149546784478682,0.10000000000209683,2.329803017175891e-12,2.302585092971259,0.0,3347916844537.0796,215905.72910555708,0.0001619421019813101,digits
GK,1797,64,10,10,ok,,1808.723624999402,4.479640960693359,-0.0054681774249073015,42.022990083702794,6.1330638285643815,0.18642262020626574,0.3294809795456066,0.23800791679367847,0.15334212977075384,1.7507037772892573,0.0,3.563897921653643e+29,438699.7667231451,20.26310621121049,digits
GMM,1797,64,10,10,ok,,202.02195800084155,9.211721420288086,0.1753192451162664,157.88915915578636,1.990275383572455,0.6894082014259758,0.7709741079441269,0.9999509552723043,0.9999455058581158,0.00016261776201747117,0.0,1.5580543752465283,1202616.3915129697,34.29774195330709,digits
GathGeva,1797,64,10,10,ok,,34264.956125000026,36.90967082977295,0.008137738084304333,33.968836261927315,4.383120495508841,0.14586244563844503,0.2786472922873881,0.9990253977983221,0.9989171086648023,0.0021622690422225554,0.0,6.958858106900301,1841745.2755354424,23.876796924509875,digits
KFCCL,1797,64,10,10,ok,,703.012582998781,73.9249496459961,-0.021277293049126032,0.9785649761019487,23.526407369470185,0.0008923887699408325,0.012263328007978037,0.10000000870720757,9.674675073413475e-09,2.302585049448145,nan,nan,nan,nan,digits
KFCM,1797,64,10,10,ok,,18.94979200005764,18.5383243560791,-0.247420317994471,1.1071756292802153,0.9648225047989738,2.8584365859407115e-06,0.009850987362574755,0.10500834724540903,0.005564830272676692,2.2897715977531887,0.0,0.39743409517020983,444939.7900000001,50.5954967257987,digits
PCM,1797,64,10,10,ok,,18.776167000396526,1.2038612365722656,0.00938140820774992,94.58353206275409,3.101097795625656,0.13723917087024662,0.3179655379909391,nan,nan,nan,0.0,8.0590364552807e+23,5082855.599496899,4.568598857566283e-10,digits
PFCM,1797,64,10,10,ok,,30.515041999024106,4.037452697753906,0.08068659374638694,133.86135548085664,3.386832003114008,0.22942160444975998,0.3730877765070232,0.10000000000000166,1.8349519434776894e-15,2.302585092984038,0.0,4714155563109446.0,216228.61336640854,2.2513573705935273e-06,digits
RPFKM,1797,64,10,10,ok,,1420.3041670007224,27.624516487121582,0.07167003266048491,94.9729812102633,3.7524030039467506,0.35482609892338796,0.48728867320873803,0.9842776341152734,0.982530704572526,0.026853710102307762,nan,nan,nan,nan,digits
RoughKMeans,1797,64,10,10,ok,,1566.0144169996784,1.1129493713378906,-0.17398962085807695,13.411573898039082,1.2693829731542936,0.012036220405814018,0.1491777943483405,nan,nan,nan,0.0,0.06831979309051182,42110.33918699187,44.78380253914415,digits
SCM,1797,64,10,1796,ok,,97.4832920001063,102.32267761230469,0.00047335485290335075,85.91497377797951,0.0556343134608349,1.121417123759548e-05,0.4701056662576623,0.9995393320431175,0.9995390754035872,0.0015132371616732674,0.0,0.00025856228627061,26.484276420412314,48.3505540811485,digits
SoftDBSCANGM,1797,64,10,1797,ok,,3810.533416999533,409.79436206817627,nan,nan,nan,0.0,0.47006864608545457,1.0,1.0,-9.99164938021814e-13,nan,nan,nan,nan,digits
AFCM,2000,100,10,10,ok,,15265.173415999016,123.87130165100098,0.005445038659851432,7.8551102482892405,15.771072926748527,0.006584499492958222,0.013349308833758622,0.10000000000503755,5.597266477468881e-12,2.302585092958858,nan,nan,nan,nan,high_dimensional_blobs
AFCMSimple,2000,100,10,10,ok,,41.82054099874222,3.717071533203125,0.05175280470115283,163.29498289867766,4.624011826179744,0.22887325580201878,0.5304111522987791,0.10000000000020277,2.2529817517775224e-13,2.302585092983032,nan,nan,nan,nan,high_dimensional_blobs
CAFCM,2000,100,10,10,ok,,207.43695800047135,31.145355224609375,0.8178529395927872,6958.060071625192,0.26096199428986816,1.0,1.0,0.9999981862475921,0.9999979847195467,1.5278159228745e-05,2.9160627391998714e-06,0.01900618396031058,198938.19791338724,83.4267304623116,high_dimensional_blobs
CAFHFCM,2000,100,10,10,ok,,10.948999999527587,30.984832763671875,-0.1383389627604399,7.763870760433723,8.212189036975175,0.012532217634419127,0.08039879270311925,0.1,0.0,2.302585092984046,540175116839.645,inf,645926.0056471509,0.0,high_dimensional_blobs
ECM,2000,100,10,10,ok,,410.1597919998312,3.5813751220703125,0.5381782514537561,666.2498978579016,1.9223720795097514,0.6899618869776794,0.8915550942046642,0.5202398042277355,0.46693311580859503,1.2147563087584197,348386.5817919832,85084974459879.98,523536.8453951782,69.77303766372044,high_dimensional_blobs
ENTROPYFCM,2000,100,10,10,ok,,70.32216699917626,30.984764099121094,0.15471022771088414,210.57438657485267,1.6888779774285998,0.26932585354399374,0.561644563655765,0.10000000000000114,1.2644206669342061e-15,2.3025850929840397,540175116839.82355,2912351946234337.0,645926.005647155,9.238500319537297e-06,high_dimensional_blobs
EVCLUS,2000,100,10,10,ok,,80.30233299905376,128.49686527252197,-0.028150617937293787,0.8500128270177388,30.02419454395412,-0.0005672708139899434,0.007945568537586717,0.10078903214419274,0.0008767023824363735,2.2986525372432096,nan,nan,nan,nan,high_dimensional_blobs
FCC,2000,100,10,10,ok,,2168.085290999443,0.2035207748413086,0.543532435571033,936.9243762226752,0.8290978549176191,0.8026017534081963,0.9336083474813464,0.5698001948745095,0.5220002165272328,1.0500002343997183,8.5586957745681,2.2020107272676937e+32,390927.85788217373,75.68160525509282,high_dimensional_blobs
FCM,2000,100,10,10,ok,,6.0886669998581056,1.718475341796875,0.8178529395927872,6958.060071625194,0.2609619942898682,1.0,1.0,0.786853508569956,0.7631705650777288,0.603071655789317,0.00029784883386971083,0.016884162422872863,175898.6739221576,83.26206303643457,high_dimensional_blobs
GK,2000,100,10,10,ok,,143.14458400076546,7.6717376708984375,0.6956078963413846,1507.0426112813714,0.549487988444097,0.8875739010826952,0.8939412724509264,0.09999999999995643,-4.8418059685041546e-14,2.302585092981961,540175116827.877,201014744741.48328,645926.0056465766,5.738795210135281e-05,high_dimensional_blobs
GMM,2000,100,10,10,ok,,64.5872920013062,15.763557434082031,0.8178529395927872,6958.060071625194,0.2609619942898682,1.0,1.0,0.9999999999979998,0.9999999999977776,1.1102230246240463e-16,2.916076617294064e-06,0.019006220301535513,198938.5865980731,83.4267316016545,high_dimensional_blobs
GathGeva,2000,100,10,10,ok,,2824.1581250003946,64.3400068283081,0.8178529395927872,6958.060071625194,0.2609619942898682,1.0,1.0,1.0,1.0,-1.000088900581841e-12,2.916076617294434e-06,0.019006220301573222,198938.586598471,83.42673160165518,high_dimensional_blobs
KFCCL,2000,100,10,10,ok,,622.3953329990763,91.5685043334961,-0.03775450329700581,1.0073644184071688,32.03548859497934,1.0946267453017639e-05,0.009003895891657964,0.10000000702860709,7.809563428039388e-09,2.3025850578410667,nan,nan,nan,nan,high_dimensional_blobs
KFCM,2000,100,10,10,ok,,30.297708000944112,31.62272357940674,-0.6549960504896196,1.0041542257039686,1.0156227462399068,-9.730717905167878e-06,0.008841502557624429,0.10450000000000001,0.0050000000000000044,2.2910721675191206,471511994235.62305,3.0382777671421017,1282669.7528727963,82.59209936548253,high_dimensional_blobs
PCM,2000,100,10,10,ok,,288.32724999847414,1.8976783752441406,0.8178529395927872,6958.060071625194,0.2609619942898682,1.0,1.0,nan,nan,nan,3.1288285773440925,0.02387449533595493,234968.898979497,81.57203797293606,high_dimensional_blobs
PFCM,2000,100,10,10,ok,,69.20645900027012,5.228340148925781,0.5025339868957598,597.3745785560692,1.0762878172959625,0.5614752214814723,0.8319155195254055,0.3398747216733964,0.26652746852599596,1.678577473829888,5798129309.751052,4.629527852165986e+17,532976.8992118785,42.002376376092215,high_dimensional_blobs
RPFKM,2000,100,10,10,ok,,2102.7357910006685,35.57365894317627,0.6475701771523136,1378.2990033053698,2.434983199516952,0.8740975044936418,0.9477612086202354,0.9857320864861535,0.9841467627623928,0.022962932926357205,nan,nan,nan,nan,high_dimensional_blobs
RoughKMeans,2000,100,10,10,ok,,499.18391699975473,1.3598289489746094,0.447160815109829,386.07171542348794,0.9924688447301347,0.568886502859525,0.8626408616980925,nan,nan,nan,2.181279193072012e-06,0.42191608537647307,138467.76195234607,79.53586298372835,high_dimensional_blobs
SCM,2000,100,10,40,ok,,27.746333998948103,93.08165740966797,0.0021338723441836267,1634.1222121424294,7.002071476862551,0.4043293155349318,0.7756318647211539,0.32820028039989674,0.31097464656399665,1.235331780025452,1.2548611457872964e-09,0.4358621357872251,98028.35249792306,78.94725647148371,high_dimensional_blobs
SoftDBSCANGM,2000,100,10,2000,ok,,10294.689125001241,827.6207332611084,nan,nan,nan,0.0,0.4648374740051746,1.0,1.0,-9.988557671816165e-13,nan,nan,nan,nan,high_dimensional_blobs
AFCM,150,4,3,3,ok,,143.10958299938648,1.1485919952392578,-0.0025718416841099176,17.60308468615767,5.372640666782462,0.16831638956283584,0.252084073217165,0.8293753510421501,0.7440630265632251,0.3253956663506313,nan,nan,nan,nan,iris
AFCMSimple,150,4,3,3,ok,,3.72754099953454,0.0279388427734375,0.549517512647162,560.2235021311503,0.669246582310325,0.7294203486015404,0.749623099014085,0.7833974290738843,0.6750961436108265,0.3954916253065936,nan,nan,nan,nan,iris
CAFCM,150,4,3,3,ok,,16.917957998884958,0.0513916015625,0.5528190123564095,561.62775662962,0.661971546500747,0.7302382722834697,0.7581756800057784,0.99680815973632,0.9952122396044798,0.004593502526306091,0.020021933884129796,0.16186981177220294,78.13451610205743,3.384961717849879,iris
CAFHFCM,150,4,3,3,ok,,2.554791999500594,0.0475616455078125,0.5035953780868725,479.5301669475298,0.6430622331780281,0.6468377505548791,0.7029506339805333,0.6525408533037356,0.47881127995560335,0.6134853859020732,0.03766765558493405,1.0226399027086286,110.27617999182117,1.986878446901806,iris
ECM,150,4,3,3,ok,,57.032250000702334,0.026533126831054688,0.549517512647162,560.2235021311503,0.669246582310325,0.7294203486015404,0.7496230990140849,0.7831794182710569,0.6747691274065852,0.39574628611843654,0.020444198010243757,0.13791595907532694,60.50662269990631,3.291898963478133,iris
ENTROPYFCM,150,4,3,3,ok,,2.6411660001031123,0.04752349853515625,0.549517512647162,560.2235021311502,0.669246582310325,0.7294203486015404,0.7496230990140849,0.7833972202182892,0.6750958303274337,0.3954917750096727,0.020448185845115378,0.13690823857062212,60.50571063451502,3.2962934436945166,iris
EVCLUS,150,4,3,3,ok,,26.70600000055856,0.8971471786499023,0.5095846184532652,501.861065160578,0.6651135297559853,0.7148912319094187,0.7408289406915152,0.6114719180313964,0.41720787704709467,0.6786487259655555,nan,nan,nan,nan,iris
FCC,150,4,3,3,degenerate,,8.696833001522464,0.018568992614746094,nan,nan,nan,0.0,0.0,0.3333333333333334,1.6653345369377346e-16,1.0986122886651097,0.1294607356623367,inf,227.12353333333334,0.0,iris
FCM,150,4,3,3,ok,,2.6545000000623986,0.04554271697998047,0.549517512647162,560.2235021311503,0.669246582310325,0.7294203486015404,0.749623099014085,0.7833886649318392,0.6750829973977588,0.3954979078474215,0.020447741869787622,0.1369099951956699,60.50571424259843,3.296121443668374,iris
GK,150,4,3,3,ok,,20.35954199891421,0.05350780487060547,0.4046620745644535,306.4318475373764,1.3126714044756709,0.7429751965483791,0.7577910040723147,0.7273824156606007,0.591073623490901,0.46677243413308656,0.019953923173370375,0.5088960391363886,83.61497057133417,3.0071035291993105,iris
GMM,150,4,3,3,ok,,24.727250000069034,0.06380271911621094,0.38791802652802165,225.75295534055758,3.123656156135045,0.5215842843337216,0.6064609145755363,0.9579995990438542,0.9369993985657812,0.0666473721866455,0.01908718549074578,3.599963577328883,156.74332180263227,2.7112651342698917,iris
GathGeva,150,4,3,3,ok,,18.192958001236548,0.08592605590820312,0.5011761635067206,481.7807089974524,0.7483456326731006,0.9038742317748124,0.8996935451597475,0.9869351541787921,0.9804027312681881,0.025878917089766234,0.016355542869946404,0.2248188180929448,89.47753400517178,3.147330339893672,iris
KFCCL,150,4,3,3,degenerate,,14.17066599969985,0.5166091918945312,nan,nan,nan,0.0,0.0,0.33333333387910563,8.186584743441471e-10,1.0986122878464466,nan,nan,nan,nan,iris
KFCM,150,4,3,3,ok,,3.2388750005338807,0.06769466400146484,0.5215058354763521,527.3069295351893,0.6850554632155118,0.7868729885244303,0.7925051624197303,0.5148865800750102,0.2723298701125153,0.8364467600794553,0.05689093681323415,0.5601863862015465,165.30806643495458,2.9777143378602413,iris
PCM,150,4,3,3,ok,,7.332334000238916,0.040755271911621094,0.3448219160939922,249.9367282728202,2.455467229079833,0.5312290473980091,0.696386110037987,nan,nan,nan,0.006293490247551599,253229380305.7491,10.783483093106035,2.5258548770817417,iris
PFCM,150,4,3,3,ok,,8.196958999178605,0.04872894287109375,0.5354186067416588,551.2681431444327,0.6855699323253308,0.7711194866048691,0.7705224609491911,0.7677209610244056,0.6515814415366084,0.416578683099133,0.02117934239834403,0.2105267482098071,61.93964610400335,3.1215362961571853,iris
RPFKM,150,4,3,3,ok,,23.424167000484886,0.19759082794189453,0.5412333572227855,555.7157069747427,0.6795648085142957,0.7424064303816005,0.7518233539815131,0.940565808659819,0.9108487129897285,0.09754937117334994,nan,nan,nan,nan,iris
RoughKMeans,150,4,3,3,ok,,61.231334000694915,0.048999786376953125,-0.05572802168577769,16.520635460007824,1.4468010439999022,0.08862995849348665,0.28295015508285676,nan,nan,nan,0.0018644304586086118,0.05824380377838974,5.358357142857145,1.3227254064811957,iris
SCM,150,4,3,2,ok,,0.5554999988817144,0.5205078125,0.6867350732769777,502.82156350235897,0.382752842100686,0.5681159420289855,0.7336804366512104,0.9969991492891135,0.993998298578227,0.006839864817401704,0.02284744997119485,0.10074362899254846,180.43183952565428,3.455430508634199,iris
SoftDBSCANGM,150,4,3,19,ok,,19.757750000280794,0.5670280456542969,-0.03471884258691332,47.367090519470004,0.5604548120269248,0.519420325287106,0.6034679258943147,0.9400671594720139,0.936737557220459,0.11638131431332586,nan,nan,nan,nan,iris
AFCM,1000,2,2,2,ok,,4096.08816599939,31.404173851013184,0.054921727364112743,35.3046781921983,4.697645840380403,0.004246592359596472,0.004069048065282793,0.8946418100378596,0.7892836200757192,0.18772343845487421,nan,nan,nan,nan,moons
AFCMSimple,1000,2,2,2,ok,,2.777542000330868,0.11685943603515625,0.4887268471194725,1471.8950823841626,0.7836066397864171,0.23933865337288043,0.1809221410654393,0.7750859989130335,0.5501719978260671,0.36844873688894303,nan,nan,nan,nan,moons
CAFCM,1000,2,2,2,ok,,14.780707999307197,0.12530517578125,0.488823174530905,1471.8880811967456,0.7834862680231695,0.24130465456125225,0.18248602361335398,0.99574068927939,0.9914813785587799,0.007162721221916931,0.37807650974184054,0.16795552404232406,400.12679812099793,1.543482370048608,moons
CAFHFCM,1000,2,2,2,ok,,2.760208999461611,0.109710693359375,0.4889195475841359,1471.6075959261761,0.7834243352090671,0.24526055341014488,0.18558666102008792,0.7392647573991835,0.47852951479836703,0.41802562457694986,0.43258975999901816,0.2344493947497914,343.9798912731184,1.2112728126915624,moons
ECM,1000,2,2,2,ok,,227.13912499966682,0.11010551452636719,0.4887268471194725,1471.8950823841626,0.7836066397864171,0.23933865337288043,0.1809221410654393,0.7751101574321139,0.5502203148642277,0.36841095723292877,0.38797305854787945,0.1227055730853438,320.0609232248682,1.6150433458068842,moons
ENTROPYFCM,1000,2,2,2,ok,,2.233541001260164,0.10964202880859375,0.4887268471194725,1471.8950823841626,0.7836066397864171,0.23933865337288043,0.1809221410654393,0.7750860649211189,0.5501721298422377,0.36844863520173105,0.38807832121320407,0.12264597582552103,320.0603185936958,1.615434170631497,moons
EVCLUS,1000,2,2,2,ok,,92.40054200017767,31.42896556854248,0.48859764404809436,1471.7564200721242,0.7837575603924044,0.2373806661399172,0.17936844347543945,0.6726771811632204,0.3453543623264408,0.49749842067434613,nan,nan,nan,nan,moons
FCC,1000,2,2,2,degenerate,,56.26174999997602,0.043334007263183594,nan,nan,nan,0.0,0.0,0.5,0.0,0.6931471805579452,0.7717287305748849,inf,499.5223022533364,0.0,moons
FCM,1000,2,2,2,ok,,2.4097919995256234,0.14740753173828125,0.4887268471194725,1471.8950823841626,0.7836066397864171,0.23933865337288043,0.1809221410654393,0.7750862655303982,0.5501725310607963,0.36844843634055113,0.38807867298774207,0.12264559124114101,320.060319775096,1.6154367063997013,moons
GK,1000,2,2,2,ok,,10.69604199983587,0.1484384536743164,0.46290351706011656,1237.8349021014972,0.8368667567518961,0.5208043265699226,0.4183898470499767,0.8066856032992491,0.6133712065984982,0.3264541386445942,0.3426270868928716,0.1537811782985803,358.74308802939925,1.5273556612271382,moons
GMM,1000,2,2,2,ok,,50.38629099908576,0.1736125946044922,0.46533646756594726,1252.2001993081321,0.8304829132093156,0.5064512931419873,0.40780186444681954,0.9478149426401119,0.8956298852802238,0.08720444753495653,0.32490365305954966,0.18736997332758576,411.2690651359582,1.481538782234182,moons
GathGeva,1000,2,2,2,ok,,141.83029200103192,0.22258758544921875,0.3562004727028796,486.07083791507813,0.6569268105505516,0.08480710345900974,0.20515059785120895,0.9803936548267137,0.9607873096534274,0.03503104347729687,0.3361625849690479,0.24788741369007683,662.5752400401858,1.6348968728114497,moons
KFCCL,1000,2,2,2,degenerate,,45.01741700005368,22.896324157714844,nan,nan,nan,0.0,0.0,0.5000000001526118,3.0522362415297266e-10,0.6931471804053335,nan,nan,nan,nan,moons
KFCM,1000,2,2,2,ok,,3.7035419991298113,0.19615650177001953,0.48914294113943413,1453.896415006465,0.7833493970856156,0.2952321520893002,0.22638106731498564,0.6530094749112829,0.30601894982256583,0.5222762369492007,0.5220268146896171,0.16569878129174279,398.3987357430417,1.5505983542457973,moons
PCM,1000,2,2,2,ok,,36.10054099954141,0.12232017517089844,0.48746868390040343,1423.8555997212013,0.7889312815089445,0.35218847639262535,0.2728240120186845,nan,nan,nan,0.43094447964247595,2079642662.4550788,180.20213092294378,9.30862643778782e-06,moons
PFCM,1000,2,2,2,ok,,6.479415998910554,0.1554718017578125,0.48917714370763793,1470.7728293846446,0.7832317640107339,0.25326856892866895,0.19192736883122452,0.769617392604895,0.5392347852097901,0.37686731466021106,0.3896646253514322,0.14150193062882166,322.380568825089,1.509396177958821,moons
RPFKM,1000,2,2,2,ok,,32.21545799897285,7.717290878295898,0.4897910636241724,1462.8021636000337,0.7835233604316703,0.2887320228908536,0.2202510339706901,0.9198239008485425,0.839647801697085,0.13360859258322383,nan,nan,nan,nan,moons
RoughKMeans,1000,2,2,2,ok,,142.22754199909104,0.20415878295898438,-0.21026785311225676,0.5371327377914201,1.8146227543886386,8.008072008455371e-06,0.00392410573208431,nan,nan,nan,6.550006211088026e-05,0.0003522598550025678,0.0015717357598014632,0.06679718969441208,moons
SCM,1000,2,2,2,ok,,6.386542001564521,22.90424346923828,0.44614730354313226,1137.0052512193201,0.8697731682321209,0.5986743127580849,0.49122648421369064,0.9392482087386947,0.8784964174773895,0.10147782562675482,0.39800087809240514,0.1954426489725855,485.3446168278437,1.5758520403688692,moons
SoftDBSCANGM,1000,2,2,1,degenerate,,17.817292000472662,0.2986164093017578,nan,nan,nan,0.0,0.0,1.0,nan,-1.0000889005818406e-12,nan,nan,nan,nan,moons
AFCM,400,4096,40,40,ok,,281.36074999929406,6.019041061401367,-0.08362601606638434,6.175716209482221,2.833100750811309,0.2980040263015054,0.6936429245391065,0.025000000000119867,1.2293940794158505e-13,3.688879454071539,nan,nan,nan,nan,olivetti_faces
AFCMSimple,400,4096,40,40,ok,,1914.3210830006865,26.7490234375,0.13037146315677353,69.83287706814268,2.3286518038776856,0.02157063206860453,0.16167371319163185,0.025000000004044107,4.147800336813845e-12,3.6888794539930543,nan,nan,nan,nan,olivetti_faces
CAFCM,400,4096,40,,timeout,did not finish within 60 s,nan,nan,nan,nan,nan,nan,nan,nan,nan,nan,nan,nan,nan,nan,olivetti_faces
CAFHFCM,400,4096,40,,timeout,did not finish within 60 s,nan,nan,nan,nan,nan,nan,nan,nan,nan,nan,nan,nan,nan,nan,olivetti_faces
ECM,400,4096,40,,timeout,did not finish within 60 s,nan,nan,nan,nan,nan,nan,nan,nan,nan,nan,nan,nan,nan,nan,olivetti_faces
ENTROPYFCM,400,4096,40,,timeout,did not finish within 60 s,nan,nan,nan,nan,nan,nan,nan,nan,nan,nan,nan,nan,nan,nan,olivetti_faces
EVCLUS,400,4096,40,40,ok,,32.19058300055622,12.504508972167969,-0.11419390676040297,1.0015875674168595,6.002319643751453,0.0013563919972872161,0.4073668703155687,0.025108152552617433,0.00011092569499223717,3.686722566287557,nan,nan,nan,nan,olivetti_faces
FCC,400,4096,40,,timeout,did not finish within 60 s,nan,nan,nan,nan,nan,nan,nan,nan,nan,nan,nan,nan,nan,nan,olivetti_faces
FCM,400,4096,40,,timeout,did not finish within 60 s,nan,nan,nan,nan,nan,nan,nan,nan,nan,nan,nan,nan,nan,nan,olivetti_faces
GK,400,4096,40,,timeout,did not finish within 60 s,nan,nan,nan,nan,nan,nan,nan,nan,nan,nan,nan,nan,nan,nan,olivetti_faces
GMM,400,4096,40,,timeout,did not finish within 60 s,nan,nan,nan,nan,nan,nan,nan,nan,nan,nan,nan,nan,nan,nan,olivetti_faces
GathGeva,400,4096,40,,timeout,did not finish within 60 s,nan,nan,nan,nan,nan,nan,nan,nan,nan,nan,nan,nan,nan,nan,olivetti_faces
KFCCL,400,4096,40,40,ok,,34.54654099914478,12.507698059082031,-0.11263542956625454,0.9756897727758177,6.0816612329179405,-0.0024593452094172764,0.40246599114418274,0.02501914161853464,1.963242926629436e-05,3.688496699363317,nan,nan,nan,nan,olivetti_faces
KFCM,400,4096,40,,crashed,worker exited with code -9,nan,nan,nan,nan,nan,nan,nan,nan,nan,nan,nan,nan,nan,nan,olivetti_faces
PCM,400,4096,40,,timeout,did not finish within 60 s,nan,nan,nan,nan,nan,nan,nan,nan,nan,nan,nan,nan,nan,nan,olivetti_faces
PFCM,400,4096,40,,timeout,did not finish within 60 s,nan,nan,nan,nan,nan,nan,nan,nan,nan,nan,nan,nan,nan,nan,olivetti_faces
RPFKM,400,4096,40,,timeout,did not finish within 60 s,nan,nan,nan,nan,nan,nan,nan,nan,nan,nan,nan,nan,nan,nan,olivetti_faces
RoughKMeans,400,4096,40,40,ok,,761.5553750001709,4.056247711181641,-0.28014012495868984,1.3837589837967608,1.0822020873109672,0.0008305372165159982,0.2118809695868691,nan,nan,nan,0.0,0.0689879077406863,100.57881692474571,12.73299490595594,olivetti_faces
SCM,400,4096,40,4096,ok,,35.17787500095437,63.931236267089844,-0.19580426214259133,1.0004925500077295,1.3861224258768412,0.0013509267986176563,0.7205283023771901,nan,nan,nan,nan,nan,nan,nan,olivetti_faces
SoftDBSCANGM,400,4096,40,,crashed,worker exited with code -9,nan,nan,nan,nan,nan,nan,nan,nan,nan,nan,nan,nan,nan,nan,olivetti_faces
AFCM,1500,2,4,4,ok,,15832.232041997486,69.83053588867188,-0.2875447325194593,14.607536642459978,9.72440057399628,0.006098244059115821,0.02787023181355254,0.9050917383680185,0.873455651157358,0.19684752031306577,nan,nan,nan,nan,varied_blobs
AFCMSimple,1500,2,4,4,ok,,7.2170839994214475,0.34586334228515625,0.6538143061213046,4741.727160558775,0.5281220303276682,0.8778568249325901,0.8897641169855259,0.8113822268734596,0.7485096358312795,0.3830340060595122,nan,nan,nan,nan,varied_blobs
CAFCM,1500,2,4,4,ok,,46.33329200078151,0.3686676025390625,0.6546887334290843,4748.425929451341,0.5287378923970526,0.8788548294164007,0.8937862776665244,0.9969252327138307,0.9959003102851076,0.005082100755042431,14.569365102158951,0.13913158296373773,10466.210900568361,13.068399108454237,varied_blobs
CAFHFCM,1500,2,4,4,ok,,17.426957998395665,0.3223724365234375,0.6489783294827252,4629.916332287484,0.5254284078586479,0.9048260033298936,0.9022029762003153,0.45547912815014463,0.2739721708668595,1.020632842644504,53.17163675852338,2.463402955250421,19479.71509991955,6.448248481763545,varied_blobs
ECM,1500,2,4,4,ok,,501.0633339988999,0.2780132293701172,0.6538979262771554,4745.024043281401,0.5286346620237968,0.8838830179520705,0.8950070924509729,0.8111212266802973,0.7481616355737297,0.3836391200434071,13.830204311304556,0.09699040377808335,7341.204547436234,13.105247387065468,varied_blobs
ENTROPYFCM,1500,2,4,4,ok,,7.441542002197821,0.32236480712890625,0.6538143061213046,4741.727160558776,0.5281220303276682,0.8778568249325901,0.889764116985526,0.8113822396567751,0.7485096528757001,0.3830339859293746,13.829508337790742,0.09451403802455821,7338.003003403089,13.168036266671358,varied_blobs
EVCLUS,1500,2,4,4,ok,,1534.5219999981055,70.8866662979126,0.6620406029834165,3419.575325874126,0.4934358390020343,0.6875736616499644,0.7987667538565327,0.5539732882550389,0.4052977176733852,0.8360959917451347,nan,nan,nan,nan,varied_blobs
FCC,1500,2,4,4,degenerate,,132.60095800069394,0.0815114974975586,nan,nan,nan,0.0,0.0,0.25,0.0,1.3862943611158904,146.6464661127205,inf,27856.325703745017,0.0,varied_blobs
FCM,1500,2,4,4,ok,,6.238292000489309,0.31473445892333984,0.6538143061213046,4741.727160558775,0.5281220303276682,0.8778568249325901,0.889764116985526,0.8113820968670671,0.7485094624894227,0.38303414742399955,13.82951857795762,0.09451409736780277,7338.003003847069,13.168045184507244,varied_blobs
GK,1500,2,4,4,ok,,44.34124999897904,0.3626384735107422,0.6465368617025489,4554.53043478182,0.5362707704416811,0.8378121324832086,0.857170680502198,0.8009357680689615,0.7345810240919487,0.4010822541267406,13.819933329485856,0.09823704674715777,7671.869855416215,13.062165764680612,varied_blobs
GMM,1500,2,4,4,ok,,23.28954199765576,0.3392448425292969,0.6325607531807875,4372.988356761021,0.5508932318966617,0.9533541578471947,0.940403213022799,0.9758458376484886,0.9677944501979848,0.04668516322927699,15.135876627172635,0.1778107684775844,11120.877552124364,12.848921099091356,varied_blobs
GathGeva,1500,2,4,4,ok,,55.619665999984136,0.6507740020751953,0.6344712069426819,4405.0888316570745,0.5461900650465192,0.9517765221820785,0.940869862817384,0.982724563431599,0.9769660845754653,0.0336446998827969,15.031694897873884,0.1591609928899688,11051.001346410516,12.947119480665085,varied_blobs
KFCCL,1500,2,4,4,degenerate,,407.32691700031864,51.51036834716797,nan,nan,nan,0.0,0.0,0.2500000025213842,3.36184561670431e-09,1.3862943560728254,nan,nan,nan,nan,varied_blobs
KFCM,1500,2,4,4,ok,,11.183875001734123,0.5208444595336914,0.6064204520878013,2320.5186258001595,0.5572207183679021,0.7857874892974908,0.7929434198616914,0.32145798375680845,0.0952773116757446,1.2652581190533212,160.6755485226344,0.4663337602111565,42783.73235720073,14.147734527183722,varied_blobs
PCM,1500,2,4,4,ok,,45.01708300085738,0.30812835693359375,0.1101128226235483,725.8657314807889,2.442799956651317,0.3670117680543735,0.5894818791580534,nan,nan,nan,1.138399669611677,2.082160565031426e+19,186.80264279776776,8.164514149269555,varied_blobs
PFCM,1500,2,4,4,ok,,49.31166700043832,0.5282669067382812,0.5006653288534445,1905.2613503735174,0.7086219552214461,0.6282986906410839,0.6425911934755854,0.5029243563430786,0.33723247512410487,0.894202111765343,52.96054151050301,294734605.25972843,17272.65118276714,7.684431162797913,varied_blobs
RPFKM,1500,2,4,4,ok,,165.2582499991695,17.34178638458252,0.6540773589452242,4746.444151294013,0.528201745424433,0.8872370117918259,0.8978191138792695,0.9927867279259156,0.9903823039012208,0.011993741691045872,nan,nan,nan,nan,varied_blobs
RoughKMeans,1500,2,4,4,ok,,1694.0974999997707,0.5843772888183594,0.18103915840462742,180.2227693510405,0.989603192101175,0.335475723836655,0.515350783956617,nan,nan,nan,2.7666441782952917,0.07624936305021042,1300.6962386107027,11.254450434351682,varied_blobs
SCM,1500,2,4,2,ok,,16.777707998699043,51.52210235595703,0.5470862566252884,1440.4381049639785,0.5590497703263851,0.32277061022048714,0.515154217094143,0.9314445102453489,0.8628890204906978,0.1251968622375325,20.93526924551529,0.14219527746732333,52281.55017398653,15.656187435217058,varied_blobs
SoftDBSCANGM,1500,2,4,362,ok,,2914.638541002205,62.32700157165527,-0.11859498404818747,92.77984427079883,0.7561091940339736,0.26673356966181805,0.4994101397661128,0.6659146402183597,0.6649891960084382,0.7176134731074459,nan,nan,nan,nan,varied_blobs
AFCM,178,13,3,3,ok,,195.44562499868334,1.5168066024780273,-0.20433584421211665,56.76387619436878,1.992804607870114,0.12801672974627462,0.17604142038607512,0.8922897589886418,0.8384346384829627,0.20398910281698124,nan,nan,nan,nan,wine
AFCMSimple,178,13,3,3,ok,,6.587542000488611,0.05188751220703125,0.5662029906008246,559.4018770087705,0.5393710221567946,0.3539016593182404,0.416783972774316,0.7909396921168327,0.686409538175249,0.38040783596676875,nan,nan,nan,nan,wine
CAFCM,178,13,3,3,ok,,42.54495799978031,0.1709442138671875,0.5711381937868838,561.815657860671,0.5342431775436275,0.37111371823084754,0.4287568597645355,0.9996007316426224,0.9994010974639335,0.0009895510070384627,0.4811588814304748,0.18208677896797026,2369135.1452099234,491.4630295085801,wine
CAFHFCM,178,13,3,3,ok,,6.19774999722722,0.16611480712890625,0.46406422306187134,436.02681038095795,0.5449975684608349,0.4276008095563496,0.4565662958132906,0.6949147647515956,0.5423721471273935,0.5439542248449594,1.0125265058319408,0.7925924911137856,3468671.634929525,268.2155764199804,wine
ECM,178,13,3,3,ok,,162.25545899942517,0.05573844909667969,0.5063593255501192,465.63189302558885,0.5373111474473135,0.3735464657420609,0.4538742873234508,0.6227272981656745,0.43409094724851177,0.615453194602249,1.827351114931699,8.927871132981013,3065831.765487993,540.1001801332324,wine
ENTROPYFCM,178,13,3,3,ok,,6.561124999279855,0.1661376953125,0.5662029906008246,559.4018770087705,0.5393710221567944,0.3539016593182404,0.416783972774316,0.7909398716137938,0.6864098074206906,0.3804076318263273,0.5629635306910862,0.1256599733537524,1796082.759573074,507.7642651692832,wine
EVCLUS,178,13,3,3,ok,,47.769499997230014,1.2117948532104492,0.484297397234525,455.9156297666689,0.5414034952993491,0.43064650943108934,0.4697042252352584,0.5477219263281539,0.3215828894922308,0.7793270118058667,nan,nan,nan,nan,wine
FCC,178,13,3,3,ok,,273.3557079991442,0.019843101501464844,0.5630929509786246,557.047534330853,0.5391800288883998,0.36898492153798557,0.4263735741505647,0.6340760616433185,0.4511140924649778,0.641724230896832,0.9019034035316027,0.21303525959146427,2399492.5320713315,453.38218163645496,wine
FCM,178,13,3,3,ok,,8.720875001017703,0.04622936248779297,0.5662029906008246,559.4018770087705,0.5393710221567944,0.3539016593182404,0.416783972774316,0.7909396443617996,0.6864094665426994,0.3804078902653867,0.5629640425414058,0.1256595209835573,1796082.7595833004,507.76440665654326,wine
GK,178,13,3,3,ok,,45.14795800059801,0.11617565155029297,-0.05109135155445849,7.578344037697838,13.979801062904798,0.30845629228716115,0.3732640543947412,0.3534018067137786,0.03010271007066789,1.0689944994889933,2.658939976549923,137009.53953106198,6006690.345963694,79.53763832263206,wine
GMM,178,13,3,3,ok,,9.926165999786463,0.18657875061035156,0.25684009711531053,185.27607919685292,1.0558302363425647,0.40230399788591126,0.44585044593603984,0.9887640425257277,0.9831460637885914,0.02103491929068717,0.3677221006321914,0.6287185777493476,5563696.9331183955,399.21013762656975,wine
GathGeva,178,13,3,3,ok,,110.12549999941257,0.25797080993652344,0.2548627845195568,252.7385422292775,0.9588839423118,0.720725363684551,0.7336331383784874,0.9909010996723027,0.986351649508454,0.017030767490528516,0.2633615862280231,0.6543884861793962,4500346.602818317,449.05213855580337,wine
KFCCL,178,13,3,3,ok,,7.8189580017351545,0.7270278930664062,-0.15410279815143568,1.1624776046672287,15.900915502811623,-0.006999830982613763,0.013421968613930631,0.33333333594005404,3.910081092239891e-09,1.0986122847550215,nan,nan,nan,nan,wine
KFCM,178,13,3,3,ok,,0.9263749998353887,0.18988323211669922,-0.04108061658281512,3.655902856440701,0.7919255728872958,0.0008342504791736729,0.021700131488690075,0.3445692883895132,0.016853932584269784,1.0800963512156811,9.641411167235685,1.257119664120429,19500578.76065172,568.1080302174164,wine
PCM,178,13,3,3,ok,,29.436166998493718,0.05066204071044922,-0.007216147603991677,1.94466886749853,0.7254016672183119,0.0008342504791736729,0.021700131488690075,nan,nan,nan,0.00013519927583630016,7.831518511817883e-05,803.2719756284342,512.8617944909989,wine
PFCM,178,13,3,3,ok,,18.19062499998836,0.07442474365234375,0.5708303868116222,556.1459974410649,0.5316801818576812,0.37150007821195313,0.4193022149704782,0.7982182662472884,0.6973273993709326,0.37280682646474655,0.5500380090724213,0.18393093857312534,1862627.8493295903,471.1080443196012,wine
RPFKM,178,13,3,,error,LinAlgError: Eigenvalues did not converge,nan,nan,nan,nan,nan,nan,nan,nan,nan,nan,nan,nan,nan,nan,wine
RoughKMeans,178,13,3,3,ok,,72.10837499951595,0.053043365478515625,-0.12852348502815453,9.9887079007206,1.1852261017773182,0.025719621475701823,0.10085836942908066,nan,nan,nan,0.0011457409753286064,0.022552615656341306,12052.875077631577,76.17192964298908,wine
SCM,178,13,3,6,ok,,0.7352499997068662,0.7439956665039062,-0.05203436935987571,81.05317018034445,3.6142063630650996,0.5336242274897954,0.6369766400105006,0.7861200545386902,0.7433440654464282,0.37505720575452905,0.11381328661584948,4.971941107026397,4170856.8327741874,436.2309454655451,wine
SoftDBSCANGM,178,13,3,178,ok,,20.215708002069732,14.836384773254395,nan,nan,nan,0.0,0.34654412479868274,0.9999999999999993,0.9999999999999993,-9.907474305090093e-13,nan,nan,nan,nan,wine
